{"train_loss": 1.9626963138580322, "epoch": 0, "trainer/global_step": 64, "_timestamp": 1677487957.7176578, "_runtime": 76.07226991653442, "_step": 64}