{"train_loss": 0.030979212373495102, "epoch": 9, "trainer/global_step": 15629, "_timestamp": 1677488924.7774222, "_runtime": 935.0131952762604, "_step": 15629}